/* DBScriptData
DBName: Sunwell Plateau
DBScriptName: instance_sunwell_plateau
DB%Complete: 50
DBComment:
* alot correct creature spawn/movement data missing
* Sunblade Scout AI
* Sunblade Protector AI
EndDBScriptData */

SET @CGUID := 5800000; -- creatures
SET @OGUID := 5800000; -- gameobjects
SET @PGUID := 50000; -- pools

-- =========
-- CREATURES
-- =========

INSERT INTO `creature_movement` (`id`, `point`, `position_x`, `position_y`, `position_z`, `orientation`, `waittime`, `script_id`) VALUES
(@CGUID+81, 1, 1644.01, 1094.09, 43.7702, 0.118206, 10, 0),
(@CGUID+81, 2, 1678.2, 1095.74, 50.7837, 0.043593, 0, 0),
(@CGUID+81, 3, 1643.73, 1094.19, 43.7084, 3.31478, 10, 0),
(@CGUID+81, 4, 1637.62, 1092.68, 42.0404, 3.35405, 0, 0),
(@CGUID+81, 5, 1631.25, 1090.87, 40.5155, 3.64072, 0, 0),
(@CGUID+81, 6, 1623.01, 1084.72, 38.562, 3.77031, 0, 0),
(@CGUID+81, 7, 1615.3, 1074.63, 37.1427, 4.09232, 0, 0),
(@CGUID+81, 8, 1611.98, 1068, 36.3099, 4.60283, 10, 0),
(@CGUID+81, 9, 1611.63, 1052.4, 35.7092, 4.72849, 0, 0),
(@CGUID+81, 10, 1611.98, 1068, 36.3099, 4.60283, 0, 0),
(@CGUID+81, 11, 1615.3, 1074.63, 37.1427, 4.09232, 0, 0),
(@CGUID+81, 12, 1623.01, 1084.72, 38.562, 3.77031, 10, 0),
(@CGUID+81, 13, 1631.25, 1090.87, 40.5155, 3.64072, 10, 0),
(@CGUID+82, 1, 1675.33, 1050.48, 15.9859, 0.301838, 0, 0),
(@CGUID+82, 2, 1695.03, 1055.81, 18.0295, 0.195807, 0, 0),
(@CGUID+82, 3, 1708.57, 1055.64, 18.0295, 6.27086, 0, 0),
(@CGUID+82, 4, 1725.23, 1054.88, 15.986, 3.0468, 200, 0),
(@CGUID+82, 5, 1708.57, 1055.64, 18.0295, 6.27086, 0, 0),
(@CGUID+82, 6, 1695.03, 1055.81, 18.0295, 0.195807, 0, 0),
(@CGUID+82, 7, 1675.33, 1050.48, 15.9859, 0.301838, 0, 0),
(@CGUID+82, 8, 1653.93, 1022.38, 16.1101, 0.301838, 0, 0),
(@CGUID+83, 1, 1708.04, 837.217, 35.6529, 3.1115, 0, 0),
(@CGUID+83, 2, 1640.21, 838.648, 35.1518, 3.13114, 0, 0),
(@CGUID+83, 3, 1708.04, 837.217, 35.6529, 3.1115, 0, 0),
(@CGUID+83, 4, 1774.81, 839.067, 36.423, 3.1115, 0, 0),
(@CGUID+114, 1, 1679.33, 1052.48, 15.9859, 0.301838, 0, 0),
(@CGUID+114, 2, 1699.03, 1057.81, 18.0295, 0.195807, 0, 0),
(@CGUID+114, 3, 1712.57, 1057.64, 18.0295, 6.27086, 0, 0),
(@CGUID+114, 4, 1729.23, 1056.88, 15.986, 3.0468, 0, 0),
(@CGUID+114, 5, 1712.57, 1057.64, 18.0295, 6.27086, 0, 0),
(@CGUID+114, 6, 1699.03, 1057.81, 18.0295, 0.195807, 0, 0),
(@CGUID+114, 7, 1679.33, 1052.48, 15.9859, 0.301838, 0, 0),
(@CGUID+114, 8, 1657.93, 1024.38, 16.1101, 0.301838, 0, 0),
(@CGUID+115, 1, 1708.24, 837.117, 35.6529, 3.1115, 0, 0),
(@CGUID+115, 2, 1640.41, 838.548, 35.1518, 3.13114, 0, 0),
(@CGUID+115, 3, 1708.24, 837.117, 35.6529, 3.1115, 0, 0),
(@CGUID+115, 4, 1774.99, 839.067, 36.423, 3.1115, 0, 0),
(@CGUID+116, 1, 1646.01, 1093.09, 43.7702, 0.118206, 0, 0),
(@CGUID+116, 2, 1680.2, 1094.74, 50.7837, 0.043593, 0, 0),
(@CGUID+116, 3, 1645.73, 1093.19, 43.7084, 3.31478, 0, 0),
(@CGUID+116, 4, 1639.62, 1091.68, 42.0404, 3.35405, 0, 0),
(@CGUID+116, 5, 1633.25, 1089.87, 40.5155, 3.64072, 0, 0),
(@CGUID+116, 6, 1625.01, 1083.72, 38.562, 3.77031, 0, 0),
(@CGUID+116, 7, 1617.3, 1073.63, 37.1427, 4.09232, 0, 0),
(@CGUID+116, 8, 1613.98, 1067, 36.3099, 4.60283, 0, 0),
(@CGUID+116, 9, 1613.63, 1051.4, 35.7092, 4.72849, 0, 0),
(@CGUID+116, 10, 1613.98, 1067, 36.3099, 4.60283, 0, 0),
(@CGUID+116, 11, 1617.3, 1073.63, 37.1427, 4.09232, 0, 0),
(@CGUID+116, 12, 1625.01, 1083.72, 38.562, 3.77031, 100, 0),
(@CGUID+116, 13, 1633.25, 1089.87, 40.5155, 3.64072, 100, 0),
(@CGUID+126, 1, 1646.01, 1093.09, 43.7702, 0.118206, 0, 0),
(@CGUID+126, 2, 1680.2, 1094.74, 50.7837, 0.043593, 0, 0),
(@CGUID+126, 3, 1645.73, 1093.19, 43.7084, 3.31478, 0, 0),
(@CGUID+126, 4, 1639.62, 1091.68, 42.0404, 3.35405, 0, 0),
(@CGUID+126, 5, 1633.25, 1089.87, 40.5155, 3.64072, 0, 0),
(@CGUID+126, 6, 1625.01, 1083.72, 38.562, 3.77031, 0, 0),
(@CGUID+126, 7, 1617.3, 1073.63, 37.1427, 4.09232, 0, 0),
(@CGUID+126, 8, 1613.98, 1067, 36.3099, 4.60283, 0, 0),
(@CGUID+126, 9, 1613.63, 1051.4, 35.7092, 4.72849, 0, 0),
(@CGUID+126, 10, 1613.98, 1067, 36.3099, 4.60283, 0, 0),
(@CGUID+126, 11, 1617.3, 1073.63, 37.1427, 4.09232, 0, 0),
(@CGUID+126, 12, 1625.01, 1083.72, 38.562, 3.77031, 100, 0),
(@CGUID+126, 13, 1633.25, 1089.87, 40.5155, 3.64072, 100, 0),
(@CGUID+127, 1, 1683.33, 1052.48, 15.9859, 0.301838, 0, 0),
(@CGUID+127, 2, 1693.03, 1058.81, 18.0295, 0.195807, 0, 0),
(@CGUID+127, 3, 1707.57, 1059.64, 18.0295, 6.27086, 0, 0),
(@CGUID+127, 4, 1725.23, 1058.88, 15.986, 3.0468, 200, 0),
(@CGUID+127, 5, 1707.57, 1059.64, 18.0295, 6.27086, 0, 0),
(@CGUID+127, 6, 1693.03, 1058.81, 18.0295, 0.195807, 0, 0),
(@CGUID+127, 7, 1683.33, 1052.48, 15.9859, 0.301838, 0, 0),
(@CGUID+127, 8, 1657.94, 1020.92, 16.1101, 0.301838, 0, 0),
(@CGUID+128, 1, 1711.24, 837.317, 35.6529, 3.1115, 0, 0),
(@CGUID+128, 2, 1643.41, 836.748, 35.1518, 3.13114, 350, 0),
(@CGUID+128, 3, 1711.24, 835.317, 35.6529, 3.1115, 0, 0),
(@CGUID+128, 4, 1777.99, 837.267, 36.423, 3.1115, 0, 0),
(@CGUID+144, 1, 1679.33, 1052.48, 15.9859, 0.301838, 0, 0),
(@CGUID+144, 2, 1699.03, 1057.81, 18.0295, 0.195807, 0, 0),
(@CGUID+144, 3, 1712.57, 1057.64, 18.0295, 6.27086, 0, 0),
(@CGUID+144, 4, 1729.23, 1056.88, 15.986, 3.0468, 0, 0),
(@CGUID+144, 5, 1712.57, 1057.64, 18.0295, 6.27086, 0, 0),
(@CGUID+144, 6, 1699.03, 1057.81, 18.0295, 0.195807, 0, 0),
(@CGUID+144, 7, 1679.33, 1052.48, 15.9859, 0.301838, 0, 0),
(@CGUID+144, 8, 1657.93, 1024.38, 16.1101, 0.301838, 0, 0),
(@CGUID+145, 1, 1711.24, 838.317, 35.6529, 3.1115, 0, 0),
(@CGUID+145, 2, 1643.41, 839.748, 35.1518, 3.13114, 350, 0),
(@CGUID+145, 3, 1711.24, 838.317, 35.6529, 3.1115, 0, 0),
(@CGUID+145, 4, 1777.99, 840.467, 36.423, 3.1115, 0, 0),
(@CGUID+146, 1, 1644.01, 1094.09, 43.7702, 0.118206, 0, 0),
(@CGUID+146, 2, 1678.2, 1095.74, 50.7837, 0.043593, 0, 0),
(@CGUID+146, 3, 1643.73, 1094.19, 43.7084, 3.31478, 0, 0),
(@CGUID+146, 4, 1637.62, 1092.68, 42.0404, 3.35405, 0, 0),
(@CGUID+146, 5, 1631.25, 1090.87, 40.5155, 3.64072, 0, 0),
(@CGUID+146, 6, 1623.01, 1084.72, 38.562, 3.77031, 0, 0),
(@CGUID+146, 7, 1615.3, 1074.63, 37.1427, 4.09232, 0, 0),
(@CGUID+146, 8, 1611.98, 1068, 36.3099, 4.60283, 0, 0),
(@CGUID+146, 9, 1611.63, 1052.4, 35.7092, 4.72849, 0, 0),
(@CGUID+146, 10, 1611.98, 1068, 36.3099, 4.60283, 0, 0),
(@CGUID+146, 11, 1615.3, 1074.63, 37.1427, 4.09232, 0, 0),
(@CGUID+146, 12, 1623.01, 1084.72, 38.562, 3.77031, 0, 0),
(@CGUID+146, 13, 1631.25, 1090.87, 40.5155, 3.64072, 0, 0),
(@CGUID+147, 1, 1662.82, 1042.44, 15.9857, 2.22899, 0, 0),
(@CGUID+147, 2, 1651.11, 1053.55, 15.9857, 3.08115, 0, 0),
(@CGUID+147, 3, 1636.86, 1049.99, 15.9857, 3.30891, 0, 0),
(@CGUID+147, 4, 1628.43, 1066.45, 15.9857, 1.87556, 0, 0),
(@CGUID+147, 5, 1638.43, 1074.37, 15.9857, 0.638561, 0, 0),
(@CGUID+147, 6, 1650.44, 1070.59, 15.9857, 5.93215, 0, 0),
(@CGUID+147, 7, 1651.62, 1053.57, 15.9857, 5.49232, 0, 0),
(@CGUID+147, 8, 1664.33, 1041.75, 15.9857, 0.689613, 0, 0),
(@CGUID+147, 9, 1682.89, 1062.01, 15.9857, 0.740664, 0, 0),
(@CGUID+147, 10, 1684.52, 1046.97, 15.986, 4.79724, 0, 0),
(@CGUID+147, 11, 1674.22, 1039.88, 15.986, 3.76837, 0, 0),
(@CGUID+147, 12, 1666, 1023.57, 16.1767, 4.79724, 0, 0),
(@CGUID+148, 1, 1739.04, 1070.81, 15.9871, 4.9983, 0, 0),
(@CGUID+148, 2, 1741.4, 1062.76, 15.9871, 5.16323, 0, 0),
(@CGUID+148, 3, 1743.82, 1060.65, 15.9871, 5.57556, 0, 0),
(@CGUID+148, 4, 1729.47, 1047.09, 16.0207, 3.78486, 0, 0),
(@CGUID+148, 5, 1732.76, 1065.54, 15.9858, 0.548357, 0, 0),
(@CGUID+149, 1, 1752.37, 1003.88, 16.0655, 2.20948, 0, 0),
(@CGUID+149, 2, 1741.56, 1013.68, 16.5574, 3.18337, 0, 0),
(@CGUID+149, 3, 1722.75, 1013.75, 16.3918, 3.80777, 0, 0),
(@CGUID+149, 4, 1718.11, 1000.15, 16.1269, 4.57353, 0, 0),
(@CGUID+149, 5, 1731.6, 964.334, 17.3069, 5.29216, 0, 0),
(@CGUID+149, 6, 1747.76, 960.143, 17.145, 6.20323, 0, 0),
(@CGUID+149, 7, 1749.08, 978.873, 17.3347, 0.662242, 0, 0),
(@CGUID+149, 8, 1753.04, 993.501, 16.1905, 1.52618, 0, 0),
(@CGUID+150, 1, 1652.8, 986.208, 15.986, 5.89837, 0, 0),
(@CGUID+150, 2, 1663.43, 985.137, 15.986, 0.000021, 0, 0),
(@CGUID+150, 3, 1671.62, 991.285, 15.986, 0.687244, 0, 0),
(@CGUID+150, 4, 1677.19, 991.022, 15.986, 6.23608, 0, 0),
(@CGUID+150, 5, 1680.37, 985.736, 15.986, 5.21507, 0, 0),
(@CGUID+150, 6, 1676.13, 980.486, 15.986, 4.03304, 0, 0),
(@CGUID+150, 7, 1667.29, 984.505, 15.986, 2.82353, 0, 0),
(@CGUID+150, 8, 1653.31, 985.277, 15.986, 3.0238, 0, 0),
(@CGUID+150, 9, 1646.42, 982.336, 15.986, 3.92701, 0, 0),
(@CGUID+150, 10, 1646.22, 972.818, 15.9824, 4.70848, 0, 0),
(@CGUID+150, 11, 1646.42, 982.336, 15.986, 3.92701, 0, 0),
(@CGUID+150, 12, 1653.31, 985.277, 15.986, 3.0238, 0, 0),
(@CGUID+150, 13, 1667.29, 984.505, 15.986, 2.82353, 0, 0),
(@CGUID+150, 14, 1676.13, 980.486, 15.986, 4.03304, 0, 0),
(@CGUID+150, 15, 1680.37, 985.736, 15.986, 5.21507, 0, 0),
(@CGUID+150, 16, 1677.19, 991.022, 15.986, 6.23608, 0, 0),
(@CGUID+150, 17, 1671.62, 991.285, 15.986, 0.687244, 0, 0),
(@CGUID+150, 18, 1663.43, 985.137, 15.986, 0.000021, 0, 0),
(@CGUID+150, 19, 1652.8, 986.208, 15.986, 5.89837, 0, 0),
(@CGUID+150, 20, 1647.82, 995.134, 16.1043, 4.70848, 0, 0),
(@CGUID+198, 1, 1668.2, 896.852, 14.6256, 2.26648, 0, 0),
(@CGUID+198, 2, 1653.34, 903.431, 14.6185, 2.96156, 0, 0),
(@CGUID+198, 3, 1636.55, 889.573, 14.6173, 4.05326, 0, 0),
(@CGUID+198, 4, 1640.77, 876.579, 14.6169, 5.29026, 0, 0),
(@CGUID+198, 5, 1651.97, 866.592, 14.6212, 6.17383, 0, 0),
(@CGUID+198, 6, 1666.49, 870.589, 14.6196, 0.687821, 0, 0),
(@CGUID+198, 7, 1671.69, 882.823, 14.6209, 1.15906, 0, 0),
(@CGUID+198, 8, 1666.77, 897.192, 14.6213, 2.07405, 0, 0),
(@CGUID+199, 1, 1704.5, 1000.82, 53.0059, 4.67867, 0, 0),
(@CGUID+199, 2, 1704.48, 987.43, 53.0318, 1.59555, 0, 0),
(@CGUID+199, 3, 1704.5, 1000.82, 53.0059, 4.67867, 0, 0),
(@CGUID+199, 4, 1706.84, 1066.14, 52.8832, 1.59555, 0, 0),
(@CGUID+206, 1, 1647.43, 691.752, 51.2474, 3.89152, 0, 0),
(@CGUID+206, 2, 1631.38, 672.478, 43.182, 4.14677, 0, 0),
(@CGUID+206, 3, 1623.57, 651.738, 37.604, 4.44522, 0, 0),
(@CGUID+206, 4, 1620.31, 632.96, 33.1758, 4.62193, 0, 0),
(@CGUID+206, 5, 1622.81, 615.137, 33.3213, 1.49212, 0, 0),
(@CGUID+206, 6, 1620.31, 632.96, 33.1758, 4.62193, 0, 0),
(@CGUID+206, 7, 1623.57, 651.738, 37.604, 4.44522, 0, 0),
(@CGUID+206, 8, 1631.38, 672.478, 43.182, 4.14677, 0, 0),
(@CGUID+206, 9, 1647.43, 691.752, 51.2474, 3.89152, 0, 0),
(@CGUID+206, 10, 1665.08, 702.446, 57.9809, 3.89152, 0, 0),
(@CGUID+226, 1, 1870.63, 473.405, 32.0321, 3.08523, 0, 0),
(@CGUID+226, 2, 1918.72, 482.859, 32.0321, 0.367755, 0, 0),
(@CGUID+237, 1, 1921.66, 521.897, 67.6767, 4.5967, 0, 0),
(@CGUID+237, 2, 1919.31, 509.696, 64.4696, 4.35323, 0, 0),
(@CGUID+237, 3, 1912.65, 497.748, 61.52, 4.09405, 0, 0),
(@CGUID+237, 4, 1900.53, 487.749, 58.3624, 3.66601, 0, 0),
(@CGUID+237, 5, 1881.47, 481.866, 54.2486, 0.013908, 0, 0),
(@CGUID+237, 6, 1900.53, 487.749, 58.3624, 3.66601, 0, 0),
(@CGUID+237, 7, 1912.65, 497.748, 61.52, 4.09405, 0, 0),
(@CGUID+237, 8, 1919.31, 509.696, 64.4696, 4.35323, 0, 0),
(@CGUID+237, 9, 1921.66, 521.897, 67.6767, 4.5967, 0, 0),
(@CGUID+237, 10, 1917.45, 537.68, 71.3101, 0.013908, 0, 0),
(@CGUID+238, 1, 1841.94, 527.612, 40.9789, 4.67996, 0, 0),
(@CGUID+238, 2, 1844.61, 510.913, 43.9501, 5.07658, 0, 0),
(@CGUID+238, 3, 1849.23, 500.964, 46.3747, 5.40252, 0, 0),
(@CGUID+238, 4, 1860.74, 489.17, 49.6568, 5.82271, 0, 0),
(@CGUID+238, 5, 1866.4, 484.79, 51.0836, 2.33161, 0, 0),
(@CGUID+238, 6, 1860.74, 489.17, 49.6568, 5.82271, 0, 0),
(@CGUID+238, 7, 1849.23, 500.964, 46.3747, 5.40252, 0, 0),
(@CGUID+238, 8, 1844.61, 510.913, 43.9501, 5.07658, 0, 0),
(@CGUID+238, 9, 1841.94, 527.612, 40.9789, 4.67996, 0, 0),
(@CGUID+238, 10, 1843.52, 538.194, 38.767, 2.33161, 0, 0);

DELETE FROM creature_movement_template WHERE entry IN (25639,25644);
INSERT INTO `creature_movement_template` (`entry`, `pathId`, `point`, `position_x`, `position_y`, `position_z`, `orientation`, `waittime`, `script_id`) VALUES
(25639, 0, 1, 1761.42, 930.421, 15.5735, 4.74014, 25000, 2563901),
(25639, 0, 2, 1777.23, 930.708, 15.5721, 6.23632, 0, 0),
(25639, 0, 3, 1777.12, 925.108, 15.5831, 4.64981, 0, 0),
(25639, 0, 4, 1772.16, 919.292, 15.5941, 1.61009, 25000, 2563901),
(25639, 0, 5, 1754.3, 918.357, 15.597, 4.71238, 0, 0),
(25639, 0, 6, 1752.33, 918.417, 15.597, 1.63388, 0, 0),
(25639, 0, 7, 1752.1, 929.531, 15.5757, 1.59069, 0, 0),
(25639, 0, 8, 1755.95, 930.602, 15.5723, 3.14159, 25000, 2563901),
(25644, 0, 1, 1758.71, 924.822, 15.5845, 6.18404, 0, 0),
(25644, 0, 2, 1769.22, 924.316, 15.5845, 6.12513, 0, 0),
(25644, 0, 3, 1771.61, 922.168, 15.5893, 5.57929, 10000, 2564401),
(25644, 0, 4, 1769.97, 924.453, 15.5861, 2.85395, 0, 0),
(25644, 0, 5, 1758.45, 924.509, 15.5847, 3.17989, 0, 0),
(25644, 0, 6, 1757.05, 925.586, 15.5831, 2.48482, 10000, 2564401);

INSERT INTO `creature_addon` (`guid`, `mount`, `bytes1`, `b2_0_sheath`, `b2_1_flags`, `emote`, `moveflags`, `auras`) VALUES
(@CGUID+249, 0, 6, 1, 16, 0, 0, NULL), -- Shattered Sun Soldier
(@CGUID+250, 0, 1, 1, 16, 0, 0, NULL), -- Shattered Sun Soldier
(@CGUID+251, 0, 3, 1, 16, 0, 0, NULL), -- Shattered Sun Soldier
(@CGUID+252, 0, 3, 1, 16, 0, 0, NULL), -- Shattered Sun Soldier
(@CGUID+253, 0, 6, 1, 16, 0, 0, NULL), -- Shattered Sun Soldier
(@CGUID+254, 0, 3, 1, 16, 0, 0, NULL), -- Shattered Sun Soldier
(@CGUID+255, 0, 3, 1, 16, 0, 0, NULL), -- Shattered Sun Soldier
(@CGUID+256, 0, 7, 1, 16, 0, 0, NULL), -- Shattered Sun Soldier
(@CGUID+257, 0, 3, 1, 16, 0, 0, NULL), -- Shattered Sun Soldier
(@CGUID+258, 0, 3, 1, 16, 0, 0, NULL); -- Shattered Sun Soldier

REPLACE INTO `creature_template_addon` (`entry`, `mount`, `bytes1`, `b2_0_sheath`, `b2_1_flags`, `emote`, `moveflags`, `auras`) VALUES
(24850, 0, 3, 1, 16, 0, 0, NULL), -- Kalecgos
(24882, 0, 0, 1, 16, 27, 0, '45769'), -- Brutallus
(24928, 0, 0, 1, 16, 0, 1024, NULL), -- Sunwell Daily Bunny x 1.00
(25315, 0, 0, 0, 0, 0, 0, '46548'), -- Kil'jaeden
(25357, 0, 0, 1, 16, 0, 1024, NULL), -- Felmyst Flight Target - Left
(25358, 0, 0, 1, 16, 0, 1024, NULL), -- Felmyst Flight Target - Right
(25363, 0, 0, 1, 16, 0, 0, '45769'), -- Sunblade Cabalist
(25367, 0, 0, 1, 16, 0, 0, '45769'), -- Sunblade Arch Mage
(25368, 0, 0, 1, 16, 0, 0, '45769'), -- Sunblade Slayer
(25369, 0, 0, 1, 16, 0, 0, '45769'), -- Sunblade Vindicator
(25370, 0, 0, 1, 16, 0, 0, '45769'), -- Sunblade Dusk Priest
(25371, 0, 0, 1, 16, 0, 0, '45769'), -- Sunblade Dawn Priest
(25372, 0, 0, 0, 0, 0, 0, '45769 18950'), -- Sunblade Scout
(25373, 0, 0, 1, 16, 0, 0, '45769'), -- Shadowsword Soulbinder
(25483, 0, 0, 1, 16, 0, 0, '45769'), -- Shadowsword Manafiend
(25484, 0, 0, 1, 16, 0, 0, '45769 16380'), -- Shadowsword Assassin
(25485, 0, 0, 1, 16, 0, 0, '45769'), -- Shadowsword Deathbringer
(25486, 0, 0, 1, 16, 0, 0, '45769 18950'), -- Shadowsword Vanquisher
(25506, 0, 0, 1, 16, 0, 0, '45769'), -- Shadowsword Lifeshaper
(25507, 0, 0, 0, 0, 0, 0, '45769 18950'), -- Sunblade Protector
(25508, 0, 0, 1, 16, 0, 0, '45769'), -- Shadowsword Guardian
(25509, 0, 0, 1, 16, 0, 0, '45769'), -- Priestess of Torment
(25588, 0, 0, 0, 0, 0, 0, '45769'), -- Hand of the Deceiver
(25591, 0, 0, 1, 16, 0, 0, '45769'), -- Painbringer
(25592, 0, 0, 1, 16, 0, 0, '45769'), -- Doomfire Destroyer
(25593, 0, 0, 1, 16, 0, 0, '45769'), -- Apocalypse Guard
(25595, 0, 0, 1, 16, 0, 0, '45769'), -- Chaos Gazer
(25597, 0, 0, 1, 16, 0, 0, '45769'), -- Oblivion Mage
(25598, 0, 0, 1, 16, 0, 0, '45769'), -- Volatile Felfire Fiend
(25599, 0, 0, 1, 16, 0, 0, '45769'), -- Cataclysm Hound
(25632, 0, 0, 1, 16, 0, 0, NULL), -- Vindicator Moorba
(25638, 0, 0, 1, 16, 0, 0, NULL), -- Captain Selana
(25639, 0, 0, 1, 16, 0, 0, NULL), -- Anchorite Elbadon
(25644, 0, 0, 1, 16, 0, 0, NULL), -- Neophyte Narama
(25744, 0, 0, 0, 0, 0, 0, '45769 45934'), -- Dark Fiend
(25772, 0, 0, 1, 16, 0, 0, '45769'), -- Void Sentinal
(25798, 0, 0, 1, 16, 0, 0, '45769'), -- Shadowsword Berserker
(25799, 0, 0, 1, 16, 0, 0, '45769'), -- Shadowsword Fury Mage
(25824, 0, 0, 1, 16, 0, 0, '45769'), -- Void Spawn
(25837, 0, 0, 1, 16, 0, 0, '45769'), -- Shadowsword Commander
(25851, 0, 0, 1, 16, 0, 0, '45769'), -- Volatile Fiend
(25867, 0, 0, 1, 16, 0, 0, '45769'), -- Sunblade Dragonhawk
(25948, 0, 0, 1, 16, 0, 0, '45769'), -- Doomfire Shard
(25953, 0, 0, 1, 16, 0, 0, NULL), -- Fel Crystal Spell Target
(26101, 0, 0, 1, 16, 0, 0, '45769'); -- Fire Fiend

REPLACE INTO `creature_linking_template` (`entry`, `map`, `master_entry`, `flag`, `search_range`) VALUES
(25319, 580, 25315, 4096, 0), -- Kalecgos -> Kil'jaeden
(25502, 580, 25315, 4112, 0), -- Shield Orb -> Kil'jaeden
(25588, 580, 25588, 15, 0), -- Hand of the Deceiver -> Hand of the Deceiver
(25598, 580, 25588, 4096, 0), -- Volatile Felfire Fiend -> Hand of the Deceiver
(25603, 580, 25588, 4112, 0), -- Felfire Portal -> Hand of the Deceiver
(25708, 580, 25315, 4112, 0), -- Sinister Reflection -> Kil'jaeden
(25735, 580, 25315, 4112, 0), -- Armageddon Target -> Kil'jaeden
(25744, 580, 25840, 4112, 0), -- Dark Fiend -> Entropius
(25772, 580, 25741, 4112, 0), -- Void Sentinel -> M'uru
(25798, 580, 25741, 4112, 0), -- Shadowsword Berserker -> M'uru
(25799, 580, 25741, 4112, 0), -- Shadowsword Fury Mage -> M'uru
(25824, 580, 25741, 4112, 0), -- Void Spawn -> M'uru
(25855, 580, 25840, 4112, 0), -- Singularity -> Entropius
(25879, 580, 25840, 4112, 0), -- Darkness -> Entropius
(26046, 580, 25315, 4, 0); -- Anveena -> Kil'jaeden

INSERT INTO `creature` (`guid`, `id`, `map`, `spawnMask`, `position_x`, `position_y`, `position_z`, `orientation`, `spawntimesecsmin`, `spawntimesecsmax`, `spawndist`, `currentwaypoint`, `DeathState`, `MovementType`) VALUES
(@CGUID+1, 2110, 580, 1, 1918.21, 456.882, 32.1155, 1.13446, 604800, 604800, 0, 0, 0, 0), -- Black Rat
(@CGUID+2, 2110, 580, 1, 1915.62, 526.22, 32.1088, 1.22173, 604800, 604800, 0, 0, 0, 0), -- Black Rat
(@CGUID+3, 2110, 580, 1, 1835.78, 572.268, 32.1043, 3.1765, 604800, 604800, 0, 0, 0, 0), -- Black Rat
(@CGUID+4, 2110, 580, 1, 1817.01, 507.548, 32.1155, 5.34071, 604800, 604800, 0, 0, 0, 0), -- Black Rat
(@CGUID+5, 19871, 580, 1, 1533.36, 630.766, 58.5232, 5.88176, 604800, 604800, 0, 0, 0, 0), -- World Trigger (Not Immune NPC)
(@CGUID+6, 22515, 580, 1, 1467.22, 516.319, 50.0833, 0.349066, 604800, 604800, 0, 0, 0, 0), -- World Trigger
(@CGUID+7, 22515, 580, 1, 1492.82, 515.668, 50.0833, 4.39823, 604800, 604800, 0, 0, 0, 0), -- World Trigger
(@CGUID+8, 22515, 580, 1, 1446.54, 702.57, 50.0833, 0.331613, 604800, 604800, 0, 0, 0, 0), -- World Trigger
(@CGUID+9, 22515, 580, 1, 1789.12, 650.049, 71.2883, 5.35816, 604800, 604800, 0, 0, 0, 0), -- World Trigger
(@CGUID+10, 22515, 580, 1, 1469.94, 704.239, 50.0833, 3.42085, 604800, 604800, 0, 0, 0, 0), -- World Trigger
(@CGUID+11, 22515, 580, 1, 1845.15, 601.502, 71.3735, 2.42601, 604800, 604800, 0, 0, 0, 0), -- World Trigger
(@CGUID+12, 22515, 580, 1, 1441.64, 520.52, 50.0833, 1.71042, 604800, 604800, 0, 0, 0, 0), -- World Trigger
(@CGUID+13, 22515, 580, 1, 1532.68, 651.818, 110.793, 3.19395, 604800, 604800, 0, 0, 0, 0), -- World Trigger
(@CGUID+14, 22515, 580, 1, 1494.76, 705, 50.0833, 0.017453, 604800, 604800, 0, 0, 0, 0), -- World Trigger
(@CGUID+15, 23472, 580, 1, 1510.45, 524.354, 26.6284, 2.98451, 604800, 604800, 0, 0, 0, 0), -- World Trigger (Large AOI, Not Immune PC/NPC)
(@CGUID+16, 23472, 580, 1, 1517.4, 614.236, 29.7816, 1.50098, 604800, 604800, 0, 0, 0, 0), -- World Trigger (Large AOI, Not Immune PC/NPC)
(@CGUID+17, 23472, 580, 1, 1526.31, 636.493, 36.256, 2.80998, 604800, 604800, 0, 0, 0, 0), -- World Trigger (Large AOI, Not Immune PC/NPC)
(@CGUID+18, 23472, 580, 1, 1494.97, 540.017, 25.8136, 4.46804, 604800, 604800, 0, 0, 0, 0), -- World Trigger (Large AOI, Not Immune PC/NPC)
(@CGUID+19, 23472, 580, 1, 1472.56, 639.987, 21.3267, 3.97935, 604800, 604800, 0, 0, 0, 0), -- World Trigger (Large AOI, Not Immune PC/NPC)
(@CGUID+20, 23472, 580, 1, 1494.96, 560.01, 25.2375, 4.62512, 604800, 604800, 0, 0, 0, 0), -- World Trigger (Large AOI, Not Immune PC/NPC)
(@CGUID+21, 23472, 580, 1, 1472.58, 539.995, 23.0061, 3.85718, 604800, 604800, 0, 0, 0, 0), -- World Trigger (Large AOI, Not Immune PC/NPC)
(@CGUID+22, 23472, 580, 1, 1531.06, 666.553, 27.4053, 4.36332, 604800, 604800, 0, 0, 0, 0), -- World Trigger (Large AOI, Not Immune PC/NPC)
(@CGUID+23, 23472, 580, 1, 1530.79, 650.804, 35.8923, 4.2586, 604800, 604800, 0, 0, 0, 0), -- World Trigger (Large AOI, Not Immune PC/NPC)
(@CGUID+24, 23472, 580, 1, 1516.21, 642.402, 27.1559, 0.959931, 604800, 604800, 0, 0, 0, 0), -- World Trigger (Large AOI, Not Immune PC/NPC)
(@CGUID+25, 23472, 580, 1, 1550.99, 537.98, 33.6018, 4.39823, 604800, 604800, 0, 0, 0, 0), -- World Trigger (Large AOI, Not Immune PC/NPC)
(@CGUID+26, 23472, 580, 1, 1530.97, 609.005, 35.8885, 2.84489, 604800, 604800, 0, 0, 0, 0), -- World Trigger (Large AOI, Not Immune PC/NPC)
(@CGUID+27, 23472, 580, 1, 1472.58, 560, 22.875, 1.8326, 604800, 604800, 0, 0, 0, 0), -- World Trigger (Large AOI, Not Immune PC/NPC)
(@CGUID+28, 23472, 580, 1, 1472.54, 659.999, 20.8059, 6.19592, 604800, 604800, 0, 0, 0, 0), -- World Trigger (Large AOI, Not Immune PC/NPC)
(@CGUID+29, 23472, 580, 1, 1451.98, 540, 23.0558, 2.33874, 604800, 604800, 0, 0, 0, 0), -- World Trigger (Large AOI, Not Immune PC/NPC)
(@CGUID+30, 23472, 580, 1, 1513.84, 672.901, 25.2126, 1.18682, 604800, 604800, 0, 0, 0, 0), -- World Trigger (Large AOI, Not Immune PC/NPC)
(@CGUID+31, 23472, 580, 1, 1527.6, 536.79, 30.6338, 4.01426, 604800, 604800, 0, 0, 0, 0), -- World Trigger (Large AOI, Not Immune PC/NPC)
(@CGUID+32, 23472, 580, 1, 1451.98, 560, 23.0558, 0.610865, 604800, 604800, 0, 0, 0, 0), -- World Trigger (Large AOI, Not Immune PC/NPC)
(@CGUID+33, 23472, 580, 1, 1525.77, 622.454, 35.694, 1.09956, 604800, 604800, 0, 0, 0, 0), -- World Trigger (Large AOI, Not Immune PC/NPC)
(@CGUID+34, 23472, 580, 1, 1514.72, 549.309, 30.1433, 5.88176, 604800, 604800, 0, 0, 0, 0), -- World Trigger (Large AOI, Not Immune PC/NPC)
(@CGUID+35, 23472, 580, 1, 1555.98, 520.863, 28.0764, 0.593412, 604800, 604800, 0, 0, 0, 0), -- World Trigger (Large AOI, Not Immune PC/NPC)
(@CGUID+36, 23472, 580, 1, 1451.98, 600, 23.0558, 5.18363, 604800, 604800, 0, 0, 0, 0), -- World Trigger (Large AOI, Not Immune PC/NPC)
(@CGUID+37, 23472, 580, 1, 1495.1, 680, 21.2197, 5.72468, 604800, 604800, 0, 0, 0, 0), -- World Trigger (Large AOI, Not Immune PC/NPC)
(@CGUID+38, 23472, 580, 1, 1507.31, 693.957, 28.849, 2.89725, 604800, 604800, 0, 0, 0, 0), -- World Trigger (Large AOI, Not Immune PC/NPC)
(@CGUID+39, 23472, 580, 1, 1545.4, 594.886, 35.9539, 2.63545, 604800, 604800, 0, 0, 0, 0), -- World Trigger (Large AOI, Not Immune PC/NPC)
(@CGUID+40, 23472, 580, 1, 1451.98, 660, 23.0533, 5.55015, 604800, 604800, 0, 0, 0, 0), -- World Trigger (Large AOI, Not Immune PC/NPC)
(@CGUID+41, 23472, 580, 1, 1519.18, 509.762, 21.4034, 5.46288, 604800, 604800, 0, 0, 0, 0), -- World Trigger (Large AOI, Not Immune PC/NPC)
(@CGUID+42, 23472, 580, 1, 1541.26, 516.838, 25.65, 2.28638, 604800, 604800, 0, 0, 0, 0), -- World Trigger (Large AOI, Not Immune PC/NPC)
(@CGUID+43, 23472, 580, 1, 1451.98, 640, 23.0558, 3.76991, 604800, 604800, 0, 0, 0, 0), -- World Trigger (Large AOI, Not Immune PC/NPC)
(@CGUID+44, 23472, 580, 1, 1472.55, 580.021, 22.4463, 4.15388, 604800, 604800, 0, 0, 0, 0), -- World Trigger (Large AOI, Not Immune PC/NPC)
(@CGUID+45, 23472, 580, 1, 1472.57, 600.019, 23.258, 5.11381, 604800, 604800, 0, 0, 0, 0), -- World Trigger (Large AOI, Not Immune PC/NPC)
(@CGUID+46, 23472, 580, 1, 1532.74, 556.122, 33.0917, 2.49582, 604800, 604800, 0, 0, 0, 0), -- World Trigger (Large AOI, Not Immune PC/NPC)
(@CGUID+47, 23472, 580, 1, 1451.98, 580, 23.0558, 4.13643, 604800, 604800, 0, 0, 0, 0), -- World Trigger (Large AOI, Not Immune PC/NPC)
(@CGUID+48, 23472, 580, 1, 1495.1, 659.942, 22.8368, 6.26573, 604800, 604800, 0, 0, 0, 0), -- World Trigger (Large AOI, Not Immune PC/NPC)
(@CGUID+49, 23472, 580, 1, 1451.99, 679.459, 23.058, 1.39626, 604800, 604800, 0, 0, 0, 0), -- World Trigger (Large AOI, Not Immune PC/NPC)
(@CGUID+50, 23472, 580, 1, 1494.96, 599.914, 25.303, 4.24115, 604800, 604800, 0, 0, 0, 0), -- World Trigger (Large AOI, Not Immune PC/NPC)
(@CGUID+51, 23472, 580, 1, 1451.98, 620, 23.0558, 0, 604800, 604800, 0, 0, 0, 0), -- World Trigger (Large AOI, Not Immune PC/NPC)
(@CGUID+52, 23472, 580, 1, 1513.26, 571.209, 28.7967, 3.7001, 604800, 604800, 0, 0, 0, 0), -- World Trigger (Large AOI, Not Immune PC/NPC)
(@CGUID+53, 23472, 580, 1, 1472.56, 679.989, 22.3604, 4.46804, 604800, 604800, 0, 0, 0, 0), -- World Trigger (Large AOI, Not Immune PC/NPC)
(@CGUID+54, 23472, 580, 1, 1494.94, 580.008, 23.8434, 5.48033, 604800, 604800, 0, 0, 0, 0), -- World Trigger (Large AOI, Not Immune PC/NPC)
(@CGUID+55, 23472, 580, 1, 1529.81, 515.108, 23.6588, 2.42601, 604800, 604800, 0, 0, 0, 0), -- World Trigger (Large AOI, Not Immune PC/NPC)
(@CGUID+56, 23472, 580, 1, 1495.29, 639.835, 23.6399, 3.82227, 604800, 604800, 0, 0, 0, 0), -- World Trigger (Large AOI, Not Immune PC/NPC)
(@CGUID+57, 23472, 580, 1, 1517.9, 632.39, 41.6721, 5.70723, 604800, 604800, 0, 0, 0, 0), -- World Trigger (Large AOI, Not Immune PC/NPC)
(@CGUID+58, 23472, 580, 1, 1495.13, 620.012, 25.3659, 4.17134, 604800, 604800, 0, 0, 0, 0), -- World Trigger (Large AOI, Not Immune PC/NPC)
(@CGUID+59, 23472, 580, 1, 1523.57, 587.714, 31.0093, 1.72788, 604800, 604800, 0, 0, 0, 0), -- World Trigger (Large AOI, Not Immune PC/NPC)
(@CGUID+60, 23472, 580, 1, 1472.57, 620, 22.268, 4.93928, 604800, 604800, 0, 0, 0, 0), -- World Trigger (Large AOI, Not Immune PC/NPC)
(@CGUID+61, 24850, 580, 1, 1704.22, 924.758, 53.1608, 1.53589, 604800, 604800, 0, 0, 0, 0), -- Kalecgos
(@CGUID+62, 24882, 580, 1, 1463.83, 611.512, 21.57, 1.62316, 604800, 604800, 0, 0, 0, 0), -- Brutallus
(@CGUID+63, 24892, 580, 1, 1699.91, 929.021, -74.2837, 6.16101, 604800, 604800, 0, 0, 0, 0), -- Sathrovarr the Corruptor
(@CGUID+64, 24928, 580, 1, 2053.96, 798.579, 50.3158, 0.017453, 604800, 604800, 0, 0, 0, 0), -- Sunwell Daily Bunny x 1.00
(@CGUID+65, 25165, 580, 1, 1813.98, 625.911, 33.4038, 3.1492, 604800, 604800, 0, 0, 0, 0), -- Lady Sacrolash
(@CGUID+66, 25166, 580, 1, 1819.18, 625.539, 33.4038, 6.11015, 604800, 604800, 0, 0, 0, 0), -- Grand Warlock Alythess
(@CGUID+67, 25357, 580, 1, 1468.38, 730.267, 60.0833, 5.07891, 604800, 604800, 0, 0, 0, 0), -- Felmyst Flight Target - Left
(@CGUID+68, 25358, 580, 1, 1458.17, 501.295, 60.0833, 2.93215, 604800, 604800, 0, 0, 0, 0), -- Felmyst Flight Target - Right
(@CGUID+69, 25363, 580, 1, 1663.22, 1047.79, 16.0691, 5.14872, 604800, 604800, 0, 0, 0, 0), -- Sunblade Cabalist
(@CGUID+70, 25363, 580, 1, 1601.5, 1012.66, 36.1547, 0.575959, 604800, 604800, 0, 0, 0, 0), -- Sunblade Cabalist
(@CGUID+71, 25363, 580, 1, 1745.81, 1060.31, 16.0691, 3.05433, 604800, 604800, 0, 0, 0, 0), -- Sunblade Cabalist
(@CGUID+72, 25363, 580, 1, 1739.85, 1004.78, 16.0717, 5.46288, 604800, 604800, 0, 0, 0, 0), -- Sunblade Cabalist
(@CGUID+73, 25363, 580, 1, 1810.95, 1018.31, 36.1547, 3.22886, 604800, 604800, 0, 0, 0, 0), -- Sunblade Cabalist
(@CGUID+74, 25363, 580, 1, 1626.44, 924.521, 15.6252, 4.62512, 604800, 604800, 0, 0, 0, 0), -- Sunblade Cabalist
(@CGUID+75, 25363, 580, 1, 1651.34, 922.41, 15.6415, 4.06662, 604800, 604800, 0, 0, 0, 0), -- Sunblade Cabalist
(@CGUID+76, 25363, 580, 1, 1655.14, 923.453, 15.6266, 4.88692, 604800, 604800, 0, 0, 0, 0), -- Sunblade Cabalist
(@CGUID+77, 25363, 580, 1, 1808.75, 845.28, 36.1014, 3.78736, 604800, 604800, 0, 0, 0, 0), -- Sunblade Cabalist
(@CGUID+78, 25363, 580, 1, 1615.85, 831.329, 36.1547, 2.32129, 604800, 604800, 0, 0, 0, 0), -- Sunblade Cabalist
(@CGUID+79, 25363, 580, 1, 1656.11, 988.592, 16.0701, 3.9968, 604800, 604800, 0, 0, 0, 0), -- Sunblade Cabalist
(@CGUID+80, 25363, 580, 1, 1663.32, 744.104, 53.4829, 1.06465, 604800, 604800, 0, 0, 0, 0), -- Sunblade Cabalist
(@CGUID+81, 25367, 580, 1, 1634.03, 1093.56, 41.4287, 0.545198, 604800, 604800, 5, 0, 0, 2), -- Sunblade Arch Mage
(@CGUID+82, 25367, 580, 1, 1654.93, 1022.64, 16.1101, 1.05018, 604800, 604800, 0, 0, 0, 2), -- Sunblade Arch Mage
(@CGUID+83, 25367, 580, 1, 1774.81, 839.067, 36.423, 2.09439, 604800, 604800, 0, 0, 0, 2), -- Sunblade Arch Mage
(@CGUID+84, 25367, 580, 1, 1636.24, 927.088, 17.1638, 4.97419, 604800, 604800, 0, 0, 0, 0), -- Sunblade Arch Mage
(@CGUID+85, 25367, 580, 1, 1800.93, 825.591, 36.114, 1.72788, 604800, 604800, 0, 0, 0, 0), -- Sunblade Arch Mage
(@CGUID+86, 25367, 580, 1, 1661.51, 734.182, 53.4848, 3.63029, 604800, 604800, 0, 0, 0, 0), -- Sunblade Arch Mage
(@CGUID+87, 25367, 580, 1, 1635.09, 923.576, 15.6311, 4.4855, 604800, 604800, 0, 0, 0, 0), -- Sunblade Arch Mage
(@CGUID+88, 25367, 580, 1, 1794.17, 1017.79, 36.1547, 0.488692, 604800, 604800, 0, 0, 0, 0), -- Sunblade Arch Mage
(@CGUID+89, 25367, 580, 1, 1740.45, 992.888, 16.0691, 1.0472, 604800, 604800, 0, 0, 0, 0), -- Sunblade Arch Mage
(@CGUID+90, 25367, 580, 1, 1610.82, 1033.82, 36.1547, 4.81711, 604800, 604800, 0, 0, 0, 0), -- Sunblade Arch Mage
(@CGUID+91, 25367, 580, 1, 1595.13, 841.763, 36.1547, 0.191986, 604800, 604800, 0, 0, 0, 0), -- Sunblade Arch Mage
(@CGUID+92, 25367, 580, 1, 1742.13, 1066.91, 16.0691, 5.63741, 604800, 604800, 0, 0, 0, 0), -- Sunblade Arch Mage
(@CGUID+93, 25367, 580, 1, 1659.5, 1042.77, 16.069, 5.13127, 604800, 604800, 0, 0, 0, 0), -- Sunblade Arch Mage
(@CGUID+94, 25367, 580, 1, 1680.04, 992.16, 16.0691, 5.02655, 604800, 604800, 0, 0, 0, 0), -- Sunblade Arch Mage
(@CGUID+95, 25367, 580, 1, 1658.56, 1049.72, 16.069, 4.06662, 604800, 604800, 0, 0, 0, 0), -- Sunblade Arch Mage
(@CGUID+96, 25368, 580, 1, 1628.53, 929.175, 17.1643, 5.75959, 604800, 604800, 0, 0, 0, 0), -- Sunblade Slayer
(@CGUID+97, 25368, 580, 1, 1652.44, 1052.54, 16.069, 2.44346, 604800, 604800, 0, 0, 0, 0), -- Sunblade Slayer
(@CGUID+98, 25368, 580, 1, 1662.6, 929.875, 17.1607, 3.7001, 604800, 604800, 0, 0, 0, 0), -- Sunblade Slayer
(@CGUID+99, 25369, 580, 1, 1669.23, 980.834, 16.0691, 0.994838, 604800, 604800, 0, 0, 0, 0), -- Sunblade Vindicator
(@CGUID+100, 25369, 580, 1, 1620.54, 1011.62, 36.1547, 2.53073, 604800, 604800, 0, 0, 0, 0), -- Sunblade Vindicator
(@CGUID+101, 25369, 580, 1, 1610.04, 1005.99, 36.1547, 1.5708, 604800, 604800, 0, 0, 0, 0), -- Sunblade Vindicator
(@CGUID+102, 25369, 580, 1, 1806.78, 1008.49, 36.1547, 1.76278, 604800, 604800, 0, 0, 0, 0), -- Sunblade Vindicator
(@CGUID+103, 25369, 580, 1, 1654.78, 927.183, 17.1608, 4.38078, 604800, 604800, 0, 0, 0, 0), -- Sunblade Vindicator
(@CGUID+104, 25369, 580, 1, 1656.75, 741.823, 53.4846, 4.60767, 604800, 604800, 0, 0, 0, 0), -- Sunblade Vindicator
(@CGUID+105, 25369, 580, 1, 1650.83, 739.078, 53.4865, 0.296706, 604800, 604800, 0, 0, 0, 0), -- Sunblade Vindicator
(@CGUID+106, 25369, 580, 1, 1790.5, 844.511, 36.0968, 5.81195, 604800, 604800, 0, 0, 0, 0), -- Sunblade Vindicator
(@CGUID+107, 25369, 580, 1, 1799.57, 851.053, 36.1153, 4.62512, 604800, 604800, 0, 0, 0, 0), -- Sunblade Vindicator
(@CGUID+108, 25369, 580, 1, 1624.7, 927.245, 17.1643, 4.79965, 604800, 604800, 0, 0, 0, 0), -- Sunblade Vindicator
(@CGUID+109, 25369, 580, 1, 1656.33, 1053.61, 16.069, 4.55531, 604800, 604800, 0, 0, 0, 0), -- Sunblade Vindicator
(@CGUID+110, 25369, 580, 1, 1747.61, 1066.37, 16.0691, 2.74017, 604800, 604800, 0, 0, 0, 0), -- Sunblade Vindicator
(@CGUID+111, 25369, 580, 1, 1616.22, 850.013, 36.1547, 4.15388, 604800, 604800, 0, 0, 0, 0), -- Sunblade Vindicator
(@CGUID+112, 25369, 580, 1, 1620.7, 840.905, 36.1547, 3.14159, 604800, 604800, 0, 0, 0, 0), -- Sunblade Vindicator
(@CGUID+113, 25369, 580, 1, 1757.44, 995.046, 16.0957, 0.715585, 604800, 604800, 0, 0, 0, 0), -- Sunblade Vindicator
(@CGUID+114, 25369, 580, 1, 1656.94, 1022.66, 16.1101, 1.05017, 604800, 604800, 0, 0, 0, 2), -- Sunblade Vindicator
(@CGUID+115, 25369, 580, 1, 1777.07, 838.785, 36.423, 1.62316, 604800, 604800, 0, 0, 0, 2), -- Sunblade Vindicator
(@CGUID+116, 25369, 580, 1, 1641.39, 1093.62, 43.0475, 0.10864, 604800, 604800, 5, 0, 0, 2), -- Sunblade Vindicator
(@CGUID+117, 25370, 580, 1, 1750.62, 1052.44, 16.0691, 2.6529, 604800, 604800, 0, 0, 0, 0), -- Sunblade Dusk Priest
(@CGUID+118, 25370, 580, 1, 1671.6, 994.735, 16.0692, 4.2586, 604800, 604800, 0, 0, 0, 0), -- Sunblade Dusk Priest
(@CGUID+119, 25370, 580, 1, 1809.88, 833.402, 36.0993, 2.98451, 604800, 604800, 0, 0, 0, 0), -- Sunblade Dusk Priest
(@CGUID+120, 25370, 580, 1, 1662.47, 748.085, 53.4822, 5.79449, 604800, 604800, 0, 0, 0, 0), -- Sunblade Dusk Priest
(@CGUID+121, 25370, 580, 1, 1665.59, 926.209, 17.0798, 4.60767, 604800, 604800, 0, 0, 0, 0), -- Sunblade Dusk Priest
(@CGUID+122, 25370, 580, 1, 1799.24, 1025.19, 36.1547, 4.88692, 604800, 604800, 0, 0, 0, 0), -- Sunblade Dusk Priest
(@CGUID+123, 25370, 580, 1, 1744.91, 996.582, 16.0691, 3.61283, 604800, 604800, 0, 0, 0, 0), -- Sunblade Dusk Priest
(@CGUID+124, 25370, 580, 1, 1600.45, 1025.7, 36.1547, 5.75959, 604800, 604800, 0, 0, 0, 0), -- Sunblade Dusk Priest
(@CGUID+125, 25370, 580, 1, 1602.75, 831.129, 36.1547, 1.16937, 604800, 604800, 0, 0, 0, 0), -- Sunblade Dusk Priest
(@CGUID+126, 25370, 580, 1, 1635.83, 1090.6, 41.3971, 0.545251, 604800, 604800, 5, 0, 0, 2), -- Sunblade Dusk Priest
(@CGUID+127, 25370, 580, 1, 1657.94, 1020.92, 16.1101, 1.05022, 604800, 604800, 0, 0, 0, 2), -- Sunblade Dusk Priest
(@CGUID+128, 25370, 580, 1, 1778.4, 836.239, 36.423, 3.59538, 604800, 604800, 0, 0, 0, 2), -- Sunblade Dusk Priest
(@CGUID+129, 25371, 580, 1, 1746.26, 1070.93, 16.0691, 4.5204, 604800, 604800, 0, 0, 0, 0), -- Sunblade Dawn Priest
(@CGUID+130, 25371, 580, 1, 1789.79, 830.674, 36.1109, 0.680678, 604800, 604800, 0, 0, 0, 0), -- Sunblade Dawn Priest
(@CGUID+131, 25371, 580, 1, 1601.44, 852.251, 36.1547, 5.2709, 604800, 604800, 0, 0, 0, 0), -- Sunblade Dawn Priest
(@CGUID+132, 25371, 580, 1, 1682.59, 982.975, 16.0691, 3.28122, 604800, 604800, 0, 0, 0, 0), -- Sunblade Dawn Priest
(@CGUID+133, 25371, 580, 1, 1657.57, 730.234, 53.4861, 0.541052, 604800, 604800, 0, 0, 0, 0), -- Sunblade Dawn Priest
(@CGUID+134, 25371, 580, 1, 1652.32, 925.714, 16.5821, 6.03884, 604800, 604800, 0, 0, 0, 0), -- Sunblade Dawn Priest
(@CGUID+135, 25371, 580, 1, 1621.56, 926.559, 16.5861, 5.35816, 604800, 604800, 0, 0, 0, 0), -- Sunblade Dawn Priest
(@CGUID+136, 25371, 580, 1, 1798.13, 1009.51, 36.1547, 1.309, 604800, 604800, 0, 0, 0, 0), -- Sunblade Dawn Priest
(@CGUID+137, 25371, 580, 1, 1805.41, 1025.04, 36.1547, 4.38078, 604800, 604800, 0, 0, 0, 0), -- Sunblade Dawn Priest
(@CGUID+138, 25371, 580, 1, 1754.31, 1002.02, 16.0691, 1.36136, 604800, 604800, 0, 0, 0, 0), -- Sunblade Dawn Priest
(@CGUID+139, 25371, 580, 1, 1622.07, 1027.1, 36.1547, 3.68265, 604800, 604800, 0, 0, 0, 0), -- Sunblade Dawn Priest
(@CGUID+140, 25371, 580, 1, 1744.38, 1054.49, 16.0691, 0.349066, 604800, 604800, 0, 0, 0, 0), -- Sunblade Dawn Priest
(@CGUID+141, 25371, 580, 1, 1653.93, 1047.86, 16.069, 0.453786, 604800, 604800, 0, 0, 0, 0), -- Sunblade Dawn Priest
(@CGUID+142, 25371, 580, 1, 1740.64, 1000.65, 16.0708, 1.79769, 604800, 604800, 0, 0, 0, 0), -- Sunblade Dawn Priest
(@CGUID+143, 25371, 580, 1, 1668.31, 992.29, 16.0698, 0.314159, 604800, 604800, 0, 0, 0, 0), -- Sunblade Dawn Priest
(@CGUID+144, 25371, 580, 1, 1657.93, 1024.38, 16.1101, 1.0502, 604800, 604800, 0, 0, 0, 2), -- Sunblade Dawn Priest
(@CGUID+145, 25371, 580, 1, 1778.32, 840.746, 36.423, 0.383972, 604800, 604800, 0, 0, 0, 2), -- Sunblade Dawn Priest
(@CGUID+146, 25371, 580, 1, 1637.5, 1093.64, 42.1447, 0.545219, 604800, 604800, 5, 0, 0, 2), -- Sunblade Dawn Priest
(@CGUID+147, 25372, 580, 1, 1666, 1023.57, 16.1767, 2.14213, 604800, 604800, 5, 0, 0, 2), -- Sunblade Scout
(@CGUID+148, 25372, 580, 1, 1732.24, 1063.64, 16.1105, 1.38163, 604800, 604800, 5, 0, 0, 2), -- Sunblade Scout
(@CGUID+149, 25372, 580, 1, 1751.85, 990.469, 16.6112, 1.42476, 604800, 604800, 5, 0, 0, 2), -- Sunblade Scout
(@CGUID+150, 25372, 580, 1, 1647.82, 995.134, 16.1043, 5.1881, 604800, 604800, 5, 0, 0, 2), -- Sunblade Scout
(@CGUID+151, 25373, 580, 1, 1759.07, 571.664, 85.1277, 3.86638, 604800, 604800, 0, 0, 0, 0), -- Shadowsword Soulbinder
(@CGUID+152, 25373, 580, 1, 1562.25, 568.742, 50.5784, 4.67085, 604800, 604800, 0, 0, 0, 0), -- Shadowsword Soulbinder
(@CGUID+153, 25373, 580, 1, 1626.43, 590.699, 84.9696, 2.77077, 604800, 604800, 0, 0, 0, 0), -- Shadowsword Soulbinder
(@CGUID+154, 25373, 580, 1, 1689.19, 499.386, 85.2732, 0.277112, 604800, 604800, 0, 0, 0, 0), -- Shadowsword Soulbinder
(@CGUID+155, 25373, 580, 1, 1555.86, 565.109, 50.573, 5.39238, 604800, 604800, 0, 0, 0, 0), -- Shadowsword Soulbinder
(@CGUID+156, 25373, 580, 1, 1703.8, 494.424, 85.2732, 2.1448, 604800, 604800, 0, 0, 0, 0), -- Shadowsword Soulbinder
(@CGUID+157, 25483, 580, 1, 1776.93, 496.069, 74.1421, 2.10709, 604800, 604800, 0, 0, 0, 0), -- Shadowsword Manafiend
(@CGUID+158, 25483, 580, 1, 1575.15, 531.259, 35.2354, 5.04759, 604800, 604800, 0, 0, 0, 0), -- Shadowsword Manafiend
(@CGUID+159, 25483, 580, 1, 1761.59, 568.803, 85.1576, 3.78391, 604800, 604800, 0, 0, 0, 0), -- Shadowsword Manafiend
(@CGUID+160, 25483, 580, 1, 1595.77, 578.698, 84.9197, 5.13006, 604800, 604800, 0, 0, 0, 0), -- Shadowsword Manafiend
(@CGUID+161, 25483, 580, 1, 1684.79, 543.639, 85.2027, 2.2689, 604800, 604800, 0, 0, 0, 0), -- Shadowsword Manafiend
(@CGUID+162, 25483, 580, 1, 1651.46, 507.416, 50.5755, 2.76523, 604800, 604800, 0, 0, 0, 0), -- Shadowsword Manafiend
(@CGUID+163, 25483, 580, 1, 1706.86, 502.682, 85.2734, 3.30483, 604800, 604800, 0, 0, 0, 0), -- Shadowsword Manafiend
(@CGUID+164, 25484, 580, 1, 1780.7, 555.539, 59.9632, 1.65267, 604800, 604800, 5, 0, 0, 1), -- Shadowsword Assassin
(@CGUID+165, 25484, 580, 1, 1749.45, 536.557, 85.2734, 2.60786, 604800, 604800, 5, 0, 0, 1), -- Shadowsword Assassin
(@CGUID+166, 25484, 580, 1, 1745.31, 533.252, 85.2734, 2.16018, 604800, 604800, 5, 0, 0, 1), -- Shadowsword Assassin
(@CGUID+167, 25484, 580, 1, 1636.04, 559.705, 85.2222, 0.48212, 604800, 604800, 5, 0, 0, 1), -- Shadowsword Assassin
(@CGUID+168, 25484, 580, 1, 1787.6, 649.55, 34.5243, 5.87296, 604800, 604800, 8, 0, 0, 1), -- Shadowsword Assassin
(@CGUID+169, 25484, 580, 1, 1605.03, 608.398, 85.1339, 5.08062, 604800, 604800, 0, 0, 0, 0), -- Shadowsword Assassin
(@CGUID+170, 25484, 580, 1, 1651.84, 546, 85.2186, 1.38926, 604800, 604800, 5, 0, 0, 1), -- Shadowsword Assassin
(@CGUID+171, 25484, 580, 1, 1776.02, 540.351, 62.0931, 4.74886, 604800, 604800, 5, 0, 0, 1), -- Shadowsword Assassin
(@CGUID+172, 25484, 580, 1, 1855.06, 627.606, 34.2081, 2.63319, 604800, 604800, 8, 0, 0, 1), -- Shadowsword Assassin
(@CGUID+173, 25484, 580, 1, 1597.26, 562.922, 50.5757, 2.28692, 604800, 604800, 5, 0, 0, 1), -- Shadowsword Assassin
(@CGUID+174, 25484, 580, 1, 1594.15, 573.435, 50.5757, 3.35506, 604800, 604800, 5, 0, 0, 1), -- Shadowsword Assassin
(@CGUID+175, 25486, 580, 1, 1691.28, 508.229, 85.2733, 5.45681, 604800, 604800, 0, 0, 0, 0), -- Shadowsword Vanquisher
(@CGUID+176, 25486, 580, 1, 1595.34, 574.232, 83.5089, 5.3107, 604800, 604800, 0, 0, 0, 0), -- Shadowsword Vanquisher
(@CGUID+177, 25486, 580, 1, 1686.26, 549.445, 85.1472, 2.45346, 604800, 604800, 0, 0, 0, 0), -- Shadowsword Vanquisher
(@CGUID+178, 25486, 580, 1, 1605.43, 580.424, 84.1585, 5.13399, 604800, 604800, 0, 0, 0, 0), -- Shadowsword Vanquisher
(@CGUID+179, 25486, 580, 1, 1574.4, 527.36, 33.6723, 5.41988, 604800, 604800, 0, 0, 0, 0), -- Shadowsword Vanquisher
(@CGUID+180, 25486, 580, 1, 1586.01, 532.125, 32.4398, 4.84967, 604800, 604800, 0, 0, 0, 0), -- Shadowsword Vanquisher
(@CGUID+181, 25486, 580, 1, 1641.87, 501.807, 50.5755, 2.34112, 604800, 604800, 0, 0, 0, 0), -- Shadowsword Vanquisher
(@CGUID+182, 25486, 580, 1, 1674.63, 543.066, 85.177, 2.27282, 604800, 604800, 0, 0, 0, 0), -- Shadowsword Vanquisher
(@CGUID+183, 25486, 580, 1, 1646.99, 511.35, 50.5755, 2.77701, 604800, 604800, 0, 0, 0, 0), -- Shadowsword Vanquisher
(@CGUID+184, 25486, 580, 1, 1702.57, 509.6, 85.2732, 4.34548, 604800, 604800, 0, 0, 0, 0), -- Shadowsword Vanquisher
(@CGUID+185, 25486, 580, 1, 1762.15, 562.401, 85.2012, 3.5208, 604800, 604800, 0, 0, 0, 0), -- Shadowsword Vanquisher
(@CGUID+186, 25486, 580, 1, 1752.21, 572.303, 85.0853, 3.94492, 604800, 604800, 0, 0, 0, 0), -- Shadowsword Vanquisher
(@CGUID+187, 25486, 580, 1, 1767.12, 495.657, 74.1535, 2.18956, 604800, 604800, 0, 0, 0, 0), -- Shadowsword Vanquisher
(@CGUID+188, 25486, 580, 1, 1777.35, 500.853, 74.1503, 2.45659, 604800, 604800, 0, 0, 0, 0), -- Shadowsword Vanquisher
(@CGUID+189, 25506, 580, 1, 1681.34, 540.624, 85.2142, 2.28853, 604800, 604800, 0, 0, 0, 0), -- Shadowsword Lifeshaper
(@CGUID+190, 25506, 580, 1, 1579.38, 535.831, 36.0805, 5.03031, 604800, 604800, 0, 0, 0, 0), -- Shadowsword Lifeshaper
(@CGUID+191, 25506, 580, 1, 1695.3, 493.935, 85.2734, 1.15127, 604800, 604800, 0, 0, 0, 0), -- Shadowsword Lifeshaper
(@CGUID+192, 25506, 580, 1, 1648.87, 501.346, 50.5755, 2.40002, 604800, 604800, 0, 0, 0, 0), -- Shadowsword Lifeshaper
(@CGUID+193, 25506, 580, 1, 1601.58, 581.995, 84.9258, 5.11435, 604800, 604800, 0, 0, 0, 0), -- Shadowsword Lifeshaper
(@CGUID+194, 25506, 580, 1, 1773.15, 493.723, 74.1421, 2.12672, 604800, 604800, 0, 0, 0, 0), -- Shadowsword Lifeshaper
(@CGUID+195, 25507, 580, 1, 1615.63, 971.505, 17.4464, 0.279253, 604800, 604800, 0, 0, 0, 0), -- Sunblade Protector
(@CGUID+196, 25507, 580, 1, 1783.86, 1037.21, 17.6266, 2.68781, 604800, 604800, 0, 0, 0, 0), -- Sunblade Protector
(@CGUID+197, 25507, 580, 1, 1689.93, 1016.3, 17.0946, 3.29867, 604800, 604800, 0, 0, 0, 0), -- Sunblade Protector
(@CGUID+198, 25507, 580, 1, 1656.17, 865.653, 14.6182, 0.043462, 604800, 604800, 5, 0, 0, 2), -- Sunblade Protector
(@CGUID+199, 25507, 580, 1, 1706.84, 1066.14, 52.8832, 1.54352, 604800, 604800, 5, 0, 0, 2), -- Sunblade Protector
(@CGUID+200, 25507, 580, 1, 1764.28, 943.787, 16.6759, 1.59472, 604800, 604800, 0, 0, 0, 0), -- Sunblade Protector
(@CGUID+201, 25507, 580, 1, 1720.03, 1022.8, 16.587, 0.383972, 604800, 604800, 0, 0, 0, 0), -- Sunblade Protector
(@CGUID+202, 25507, 580, 1, 1700.76, 746.33, 53.5112, 1.69297, 604800, 604800, 0, 0, 0, 0), -- Sunblade Protector
(@CGUID+203, 25507, 580, 1, 1638.19, 1025.73, 16.9162, 0.383972, 604800, 604800, 0, 0, 0, 0), -- Sunblade Protector
(@CGUID+204, 25507, 580, 1, 1772.7, 1081.99, 17.8621, 4.67748, 604800, 604800, 0, 0, 0, 0), -- Sunblade Protector
(@CGUID+205, 25507, 580, 1, 1670.69, 1083.33, 16.9016, 5.0091, 604800, 604800, 0, 0, 0, 0), -- Sunblade Protector
(@CGUID+206, 25508, 580, 1, 1665.08, 702.446, 57.9809, 3.71904, 604800, 604800, 5, 0, 0, 2), -- Shadowsword Guardian
(@CGUID+207, 25508, 580, 1, 1675.9, 555.46, 33.4043, 2.84489, 604800, 604800, 0, 0, 0, 0), -- Shadowsword Guardian
(@CGUID+208, 25509, 580, 1, 1871.08, 594.312, 32.1127, 0.15708, 604800, 604800, 0, 0, 0, 0), -- Priestess of Torment
(@CGUID+209, 25509, 580, 1, 1917.3, 517.765, 32.1156, 6.12611, 604800, 604800, 0, 0, 0, 0), -- Priestess of Torment
(@CGUID+210, 25509, 580, 1, 1853.73, 457.449, 32.1155, 0.977384, 604800, 604800, 0, 0, 0, 0), -- Priestess of Torment
(@CGUID+211, 25588, 580, 1, 1684.7, 614.42, 28.058, 0.698392, 604800, 604800, 0, 0, 0, 0), -- Hand of the Deceiver
(@CGUID+212, 25588, 580, 1, 1707.61, 612.15, 27.7946, 1.99037, 604800, 604800, 0, 0, 0, 0), -- Hand of the Deceiver
(@CGUID+213, 25588, 580, 1, 1682.95, 637.75, 27.9231, 5.71709, 604800, 604800, 0, 0, 0, 0), -- Hand of the Deceiver
(@CGUID+214, 25591, 580, 1, 1864.21, 454.597, 32.1155, 1.29154, 604800, 604800, 0, 0, 0, 0), -- Painbringer
(@CGUID+215, 25591, 580, 1, 1870.42, 603.783, 32.1155, 5.23599, 604800, 604800, 0, 0, 0, 0), -- Painbringer
(@CGUID+216, 25591, 580, 1, 1916.66, 526.818, 32.1088, 0.20944, 604800, 604800, 0, 0, 0, 0), -- Painbringer
(@CGUID+217, 25592, 580, 1, 1846.26, 698.348, 32.0308, 4.24952, 604800, 604800, 0, 0, 0, 0), -- Doomfire Destroyer
(@CGUID+218, 25592, 580, 1, 1949.78, 543.326, 32.1134, 3.38594, 604800, 604800, 0, 0, 0, 0), -- Doomfire Destroyer
(@CGUID+219, 25592, 580, 1, 1835.23, 484.637, 32.1118, 0.837758, 604800, 604800, 0, 0, 0, 0), -- Doomfire Destroyer
(@CGUID+220, 25593, 580, 1, 1939.85, 479.828, 32.1155, 2.86234, 604800, 604800, 0, 0, 0, 0), -- Apocalypse Guard
(@CGUID+221, 25593, 580, 1, 1927.92, 469.003, 32.1155, 2.25148, 604800, 604800, 0, 0, 0, 0), -- Apocalypse Guard
(@CGUID+222, 25593, 580, 1, 1868.29, 557.045, 32.1155, 1.16937, 604800, 604800, 0, 0, 0, 0), -- Apocalypse Guard
(@CGUID+223, 25593, 580, 1, 1860.02, 596.416, 71.3937, 5.70723, 604800, 604800, 0, 0, 0, 0), -- Apocalypse Guard
(@CGUID+224, 25593, 580, 1, 1848.09, 574.602, 32.112, 0.645772, 604800, 604800, 0, 0, 0, 0), -- Apocalypse Guard
(@CGUID+225, 25593, 580, 1, 1853.3, 588.653, 71.3954, 5.75959, 604800, 604800, 0, 0, 0, 0), -- Apocalypse Guard
(@CGUID+226, 25595, 580, 1, 1921.31, 481.919, 32.0322, 3.94594, 604800, 604800, 5, 0, 0, 2), -- Chaos Gazer
(@CGUID+227, 25595, 580, 1, 1917.02, 572.053, 32.021, 5.63706, 604800, 604800, 0, 0, 0, 0), -- Chaos Gazer
(@CGUID+228, 25597, 580, 1, 1853.52, 687.853, 32.0322, 2.02292, 604800, 604800, 0, 0, 0, 0), -- Oblivion Mage
(@CGUID+229, 25597, 580, 1, 1834.33, 698.825, 32.0323, 6.20674, 604800, 604800, 0, 0, 0, 0), -- Oblivion Mage
(@CGUID+230, 25597, 580, 1, 1954.71, 530.529, 32.1155, 1.95477, 604800, 604800, 0, 0, 0, 0), -- Oblivion Mage
(@CGUID+231, 25597, 580, 1, 1845.19, 461.821, 32.1155, 0.820305, 604800, 604800, 0, 0, 0, 0), -- Oblivion Mage
(@CGUID+232, 25597, 580, 1, 1883.23, 598.164, 32.1155, 3.52556, 604800, 604800, 0, 0, 0, 0), -- Oblivion Mage
(@CGUID+233, 25597, 580, 1, 1879.16, 587.701, 32.1155, 2.04204, 604800, 604800, 0, 0, 0, 0), -- Oblivion Mage
(@CGUID+234, 25597, 580, 1, 1914.77, 535.848, 32.0906, 0.523599, 604800, 604800, 0, 0, 0, 0), -- Oblivion Mage
(@CGUID+235, 25597, 580, 1, 1913.79, 508.045, 32.1156, 5.98648, 604800, 604800, 0, 0, 0, 0), -- Oblivion Mage
(@CGUID+236, 25597, 580, 1, 1945.68, 557.888, 32.1145, 4.93928, 604800, 604800, 0, 0, 0, 0), -- Oblivion Mage
(@CGUID+237, 25599, 580, 1, 1917.45, 537.68, 71.3101, 1.80648, 604800, 604800, 5, 0, 0, 2), -- Cataclysm Hound
(@CGUID+238, 25599, 580, 1, 1843.52, 538.194, 38.767, 4.40719, 604800, 604800, 5, 0, 0, 2), -- Cataclysm Hound
(@CGUID+239, 25608, 580, 1, 1698.45, 628.03, 28.1989, 0.331613, 604800, 604800, 0, 0, 0, 0), -- Kil'jaeden
(@CGUID+240, 25608, 580, 1, 1698.9, 627.877, 27.6233, 0.034907, 604800, 604800, 0, 0, 0, 0), -- Kil'jaeden
(@CGUID+241, 25632, 580, 1, 1766.06, 898.5, 14.7013, 1.3439, 604800, 604800, 0, 0, 0, 0), -- Vindicator Moorba
(@CGUID+242, 25638, 580, 1, 1762.23, 899.789, 14.7011, 0.122173, 604800, 604800, 0, 0, 0, 0), -- Captain Selana
(@CGUID+243, 25639, 580, 1, 1755.95, 930.602, 15.5723, 6.217, 604800, 604800, 0, 0, 0, 2), -- Anchorite Elbadon
(@CGUID+244, 25640, 580, 1, 1704.32, 582.722, 28.2507, 5.0091, 300, 300, 0, 0, 0, 0), -- Orb Target
(@CGUID+245, 25640, 580, 1, 1746.55, 621.946, 28.1335, 2.09439, 300, 300, 0, 0, 0, 0), -- Orb Target
(@CGUID+246, 25640, 580, 1, 1696.01, 675.393, 28.1335, 0.610865, 300, 300, 0, 0, 0, 0), -- Orb Target
(@CGUID+247, 25640, 580, 1, 1652.03, 635.354, 28.2087, 3.75246, 300, 300, 0, 0, 0, 0), -- Orb Target
(@CGUID+248, 25644, 580, 1, 1755.96, 925.287, 15.6669, 2.16421, 604800, 604800, 0, 0, 0, 2), -- Neophyte Narama
(@CGUID+249, 25661, 580, 1, 1761.53, 934.289, 15.5475, -1.58412, 604800, 604800, 0, 0, 0, 0), -- Shattered Sun Soldier
(@CGUID+250, 25661, 580, 1, 1754, 933.001, 15.6505, 3.82227, 604800, 604800, 0, 0, 0, 0), -- Shattered Sun Soldier
(@CGUID+251, 25661, 580, 1, 1771.96, 920.948, 15.6757, 4.59022, 604800, 604800, 0, 0, 0, 0), -- Shattered Sun Soldier
(@CGUID+252, 25661, 580, 1, 1759.3, 920.745, 15.6766, 4.72984, 604800, 604800, 0, 0, 0, 0), -- Shattered Sun Soldier
(@CGUID+253, 25661, 580, 1, 1768.77, 934.162, 15.5475, -1.58412, 604800, 604800, 0, 0, 0, 0), -- Shattered Sun Soldier
(@CGUID+254, 25661, 580, 1, 1754.62, 920.423, 15.6774, 1.5708, 604800, 604800, 0, 0, 0, 0), -- Shattered Sun Soldier
(@CGUID+255, 25661, 580, 1, 1754.85, 926.68, 15.664, 4.66003, 604800, 604800, 0, 0, 0, 0), -- Shattered Sun Soldier
(@CGUID+256, 25661, 580, 1, 1761.62, 927.149, 15.6628, 4.62512, 604800, 604800, 0, 0, 0, 0), -- Shattered Sun Soldier
(@CGUID+257, 25661, 580, 1, 1769.65, 927.117, 15.6626, 1.50098, 604800, 604800, 0, 0, 0, 0), -- Shattered Sun Soldier
(@CGUID+258, 25661, 580, 1, 1774.91, 927.109, 15.6624, 4.64258, 604800, 604800, 0, 0, 0, 0), -- Shattered Sun Soldier
(@CGUID+259, 25770, 580, 1, 1781.65, 621.09, 78.5541, 1.15192, 604800, 604800, 0, 0, 0, 0), -- M'uru Portal Target
(@CGUID+260, 25770, 580, 1, 1824.17, 588.977, 78.621, 1.79769, 604800, 604800, 0, 0, 0, 0), -- M'uru Portal Target
(@CGUID+261, 25770, 580, 1, 1794.84, 604.343, 78.549, 0.087266, 604800, 604800, 0, 0, 0, 0), -- M'uru Portal Target
(@CGUID+262, 25770, 580, 1, 1824.05, 653.748, 78.5587, 5.044, 604800, 604800, 0, 0, 0, 0), -- M'uru Portal Target
(@CGUID+263, 25770, 580, 1, 1839.93, 652.875, 78.5929, 3.9619, 604800, 604800, 0, 0, 0, 0), -- M'uru Portal Target
(@CGUID+264, 25770, 580, 1, 1852.49, 623.461, 78.6198, 3.03687, 604800, 604800, 0, 0, 0, 0), -- M'uru Portal Target
(@CGUID+265, 25770, 580, 1, 1849.18, 641.002, 78.6183, 3.56047, 604800, 604800, 0, 0, 0, 0), -- M'uru Portal Target
(@CGUID+266, 25770, 580, 1, 1775.98, 635.201, 78.5586, 0.069813, 604800, 604800, 0, 0, 0, 0), -- M'uru Portal Target
(@CGUID+267, 25770, 580, 1, 1803.18, 657.192, 78.5476, 4.06662, 604800, 604800, 0, 0, 0, 0), -- M'uru Portal Target
(@CGUID+268, 25770, 580, 1, 1802.91, 591.566, 78.5747, 1.25664, 604800, 604800, 0, 0, 0, 0), -- M'uru Portal Target
(@CGUID+269, 25795, 580, 1, 1704.91, 928.415, 53.1608, 2.18166, 604800, 604800, 0, 0, 0, 0), -- Normal Realm
(@CGUID+270, 25796, 580, 1, 1704.84, 928.138, -74.36, 4.15388, 604800, 604800, 0, 0, 0, 0), -- Spectral Realm
(@CGUID+271, 25851, 580, 1, 1931.45, 566.535, 32.1058, 5.18363, 604800, 604800, 0, 0, 0, 0), -- Volatile Fiend
(@CGUID+272, 25851, 580, 1, 1947.33, 518.016, 32.1155, 0.645772, 604800, 604800, 0, 0, 0, 0), -- Volatile Fiend
(@CGUID+273, 25851, 580, 1, 1875.99, 462.723, 32.1155, 1.95477, 604800, 604800, 0, 0, 0, 0), -- Volatile Fiend
(@CGUID+274, 25851, 580, 1, 1898.29, 470.45, 32.1155, 2.9147, 604800, 604800, 0, 0, 0, 0), -- Volatile Fiend
(@CGUID+275, 25851, 580, 1, 1930.92, 549.028, 32.1075, 0.05236, 604800, 604800, 0, 0, 0, 0), -- Volatile Fiend
(@CGUID+276, 25851, 580, 1, 1933.84, 526.862, 32.1156, 4.29351, 604800, 604800, 0, 0, 0, 0), -- Volatile Fiend
(@CGUID+277, 25851, 580, 1, 1871.19, 636.913, 32.1155, 5.48033, 604800, 604800, 0, 0, 0, 0), -- Volatile Fiend
(@CGUID+278, 25851, 580, 1, 1859.92, 477.488, 32.1154, 5.98648, 604800, 604800, 0, 0, 0, 0), -- Volatile Fiend
(@CGUID+279, 25851, 580, 1, 1911.64, 490.78, 32.1155, 2.58309, 604800, 604800, 0, 0, 0, 0), -- Volatile Fiend
(@CGUID+280, 25851, 580, 1, 1870.3, 577.398, 71.373, 1.51844, 604800, 604800, 0, 0, 0, 0), -- Volatile Fiend
(@CGUID+281, 25851, 580, 1, 1878.35, 647.893, 32.1155, 1.22173, 604800, 604800, 0, 0, 0, 0), -- Volatile Fiend
(@CGUID+282, 25851, 580, 1, 1879.82, 578.178, 71.3703, 6.0912, 604800, 604800, 0, 0, 0, 0), -- Volatile Fiend
(@CGUID+283, 25851, 580, 1, 1877.45, 569.535, 71.3782, 3.1765, 604800, 604800, 0, 0, 0, 0), -- Volatile Fiend
(@CGUID+284, 25851, 580, 1, 1867.21, 647.43, 32.1155, 4.38078, 604800, 604800, 0, 0, 0, 0), -- Volatile Fiend
(@CGUID+285, 25851, 580, 1, 1863.16, 656.442, 32.1155, 4.72984, 604800, 604800, 0, 0, 0, 0), -- Volatile Fiend
(@CGUID+286, 25851, 580, 1, 1888.03, 571.302, 71.3739, 2.60054, 604800, 604800, 0, 0, 0, 0), -- Volatile Fiend
(@CGUID+287, 25851, 580, 1, 1895.49, 564.094, 71.3757, 3.28122, 604800, 604800, 0, 0, 0, 0), -- Volatile Fiend
(@CGUID+288, 25851, 580, 1, 1939.16, 503.16, 32.1156, 5.044, 604800, 604800, 0, 0, 0, 0), -- Volatile Fiend
(@CGUID+289, 25851, 580, 1, 1886.83, 562.622, 71.3834, 2.46091, 604800, 604800, 0, 0, 0, 0), -- Volatile Fiend
(@CGUID+290, 25851, 580, 1, 1913.39, 581.437, 32.1064, 0.767945, 604800, 604800, 0, 0, 0, 0), -- Volatile Fiend
(@CGUID+291, 25851, 580, 1, 1915.83, 567.923, 32.0967, 4.85202, 604800, 604800, 0, 0, 0, 0), -- Volatile Fiend
(@CGUID+292, 25851, 580, 1, 1927.66, 489.331, 32.1156, 3.24631, 604800, 604800, 0, 0, 0, 0), -- Volatile Fiend
(@CGUID+293, 25851, 580, 1, 1878.4, 482.029, 32.1155, 5.02655, 604800, 604800, 0, 0, 0, 0), -- Volatile Fiend
(@CGUID+294, 25851, 580, 1, 1880.31, 632.296, 32.1155, 2.47837, 604800, 604800, 0, 0, 0, 0), -- Volatile Fiend
(@CGUID+295, 25851, 580, 1, 1874.31, 654.833, 32.1155, 4.88692, 604800, 604800, 0, 0, 0, 0), -- Volatile Fiend
(@CGUID+296, 25867, 580, 1, 1817.79, 544.975, 32.0221, 3.18749, 604800, 604800, 0, 0, 0, 0), -- Sunblade Dragonhawk
(@CGUID+297, 25867, 580, 1, 1807.32, 548.527, 32.0209, 5.52091, 604800, 604800, 0, 0, 0, 0), -- Sunblade Dragonhawk
(@CGUID+298, 25867, 580, 1, 1811.42, 537.716, 32.0252, 0.576825, 604800, 604800, 0, 0, 0, 0), -- Sunblade Dragonhawk
(@CGUID+299, 25867, 580, 1, 1652.84, 1061.08, 16.1107, 1.30441, 604800, 604800, 0, 0, 0, 0), -- Sunblade Dragonhawk
(@CGUID+300, 25867, 580, 1, 1658.29, 930.951, 17.1607, 0.279253, 604800, 604800, 0, 0, 0, 0), -- Sunblade Dragonhawk
(@CGUID+301, 25867, 580, 1, 1632.39, 929.57, 17.1643, 2.79253, 604800, 604800, 0, 0, 0, 0), -- Sunblade Dragonhawk
(@CGUID+302, 25953, 580, 1, 1799.42, 837.875, 42.593, 1.69297, 604800, 604800, 0, 0, 0, 0), -- Fel Crystal Spell Target
(@CGUID+303, 25953, 580, 1, 1611.13, 1019.9, 42.4047, 4.17134, 604800, 604800, 0, 0, 0, 0), -- Fel Crystal Spell Target
(@CGUID+304, 25953, 580, 1, 1802.7, 1017.15, 43.3214, 3.00197, 604800, 604800, 0, 0, 0, 0), -- Fel Crystal Spell Target
(@CGUID+305, 25953, 580, 1, 1608.46, 841.096, 43.5853, 5.34071, 604800, 604800, 0, 0, 0, 0), -- Fel Crystal Spell Target
(@CGUID+306, 26046, 580, 1, 1698.09, 627.29, 58.1771, 1.69297, 604800, 604800, 0, 0, 0, 0), -- Anveena
(@CGUID+307, 25741, 580, 1, 1816.25, 625.484, 69.6036, 5.62435, 604800, 604800, 0, 0, 0, 0); -- M'uru (possible spawn via script?)

-- ===========
-- GAMEOBJECTS
-- ===========

INSERT INTO `gameobject` (`guid`, `id`, `map`, `spawnMask`, `position_x`, `position_y`, `position_z`, `orientation`, `rotation0`, `rotation1`, `rotation2`, `rotation3`, `spawntimesecsmin`, `spawntimesecsmax`, `animprogress`, `state`) VALUES
(@OGUID+1, 187116, 580, 1, 2008.5, 784.198, 12.7109, -0.977384, 0, 0, 0, 0, 180, 180, 100, 1), -- Monument to the Fallen
(@OGUID+2, 187206, 580, 1, 1900.34, 450.62, 32.0322, 1.62596, 0, 0, 0, 0, 180, 180, 100, 1), -- Bench
(@OGUID+3, 187207, 580, 1, 1882.51, 449.68, 32.0322, 1.62596, 0, 0, 0, 0, 180, 180, 100, 1), -- Bench
(@OGUID+4, 187214, 580, 1, 1798.09, 487.474, 74.0821, 1.32053, 0, 0, 0, 0, 180, 180, 100, 1), -- Bench
(@OGUID+5, 187215, 580, 1, 1785.37, 479.663, 74.0821, 2.89133, 0, 0, 0, 0, 180, 180, 100, 1), -- Bench
(@OGUID+6, 187216, 580, 1, 1763.19, 590.062, 85.0962, -2.88283, 0, 0, 0, 0, 180, 180, 100, 1), -- Bench
(@OGUID+7, 187217, 580, 1, 1776.21, 582.757, 85.0962, -1.31203, 0, 0, 0, 0, 180, 180, 100, 1), -- Bench
(@OGUID+8, 187218, 580, 1, 1647.77, 923.45, 15.5044, -1.58412, 0, 0, 0, 0, 180, 180, 100, 1), -- Bench
(@OGUID+9, 187219, 580, 1, 1640.53, 923.576, 15.5044, -1.58412, 0, 0, 0, 0, 180, 180, 100, 1), -- Bench
(@OGUID+10, 187220, 580, 1, 1768.77, 934.162, 15.5475, -1.58412, 0, 0, 0, 0, 180, 180, 100, 1), -- Bench
(@OGUID+11, 187221, 580, 1, 1761.53, 934.289, 15.5475, -1.58412, 0, 0, 0, 0, 180, 180, 100, 1), -- Bench
(@OGUID+12, 187222, 580, 1, 1615.53, 893.875, 15.6047, -0.01332, 0, 0, 0, 0, 180, 180, 100, 1), -- Bench
(@OGUID+13, 187223, 580, 1, 1615.41, 886.637, 15.6047, -0.01332, 0, 0, 0, 0, 180, 180, 100, 1), -- Bench
(@OGUID+14, 187224, 580, 1, 1793.78, 883.553, 15.6047, 3.12827, 0, 0, 0, 0, 180, 180, 100, 1), -- Bench
(@OGUID+15, 187225, 580, 1, 1793.91, 890.791, 15.6047, 3.12827, 0, 0, 0, 0, 180, 180, 100, 1), -- Bench
(@OGUID+16, 187226, 580, 1, 1740.27, 844.774, 15.6047, 1.55748, 0, 0, 0, 0, 180, 180, 100, 1), -- Bench
(@OGUID+17, 187227, 580, 1, 1747.5, 844.648, 15.6047, 1.55748, 0, 0, 0, 0, 180, 180, 100, 1), -- Bench
(@OGUID+18, 187228, 580, 1, 1657.23, 846.224, 15.6047, 1.55748, 0, 0, 0, 0, 180, 180, 100, 1), -- Bench
(@OGUID+19, 187229, 580, 1, 1664.47, 846.097, 15.6047, 1.55748, 0, 0, 0, 0, 180, 180, 100, 1), -- Bench
(@OGUID+20, 187764, 580, 1, 1876.03, 616.974, 44.6421, 1.46608, 0, 0, 0, 0, 180, 180, 100, 0), -- Rohendor, The Second Gate
(@OGUID+21, 187765, 580, 1, 1700.56, 711.332, 85.444, -0.191984, 0, 0, 0, 0, 180, 180, 100, 0), -- Archonisus, The Third Gate
(@OGUID+22, 187766, 580, 1, 1709.94, 530.091, 93.4119, 1.11701, 0, 0, 0, 0, 180, 180, 100, 0), -- Agamath, The First Gate
(@OGUID+23, 187869, 580, 1, 1746.56, 621.913, 28.0502, 2.9845, 0, 0, 0, 0, 180, 180, 0, 1), -- Orb of the Blue Flight
(@OGUID+24, 187990, 580, 1, 1849.66, 597.861, 86.105, 2.42601, 0, 0, 0, 0, 180, 180, 100, 0), -- Doodad_SunwellRaid_Gate_07
(@OGUID+25, 188075, 580, 1, 1499.91, 558.432, 39.3304, -2.19912, 0, 0, 0, 0, 180, 180, 100, 1), -- Doodad_Sunwell_Fire_Barrier_ext01
(@OGUID+26, 188081, 580, 1, 2047.21, 813.722, 19.2631, 1.06465, 0, 0, 0, 0, 180, 180, 6, 0), -- Sanctum Planetarium
(@OGUID+27, 188114, 580, 1, 1704.3, 582.681, 28.1648, 1.6057, 0, 0, 0, 0, 180, 180, 0, 1), -- Orb of the Blue Flight
(@OGUID+28, 188115, 580, 1, 1651.92, 635.35, 28.1287, 6.19592, 0, 0, 0, 0, 180, 180, 0, 1), -- Orb of the Blue Flight
(@OGUID+29, 188116, 580, 1, 1696.16, 674.968, 28.0502, 4.81711, 0, 0, 0, 0, 180, 180, 0, 1), -- Orb of the Blue Flight
(@OGUID+30, 188118, 580, 1, 1775.49, 673.15, 91.9614, 1.55334, 0, 0, 0, 0, 180, 180, 100, 1), -- Doodad_SunwellRaid_Gate_08
(@OGUID+31, 188119, 580, 1, 1641.45, 988.08, 40.5811, 1.55334, 0, 0, 0, 0, 180, 180, 100, 0), -- Doodad_Sunwell_Ice_Barrier01
(@OGUID+32, 188178, 580, 1, 2149.05, 358.351, 67.3815, 1.09083, 0, 0, 0, 0, 180, 180, 100, 1), -- Doodad_InstancePortal_PurpleDifficultyIcon01
(@OGUID+33, 188421, 580, 1, 1705.53, 926.61, 32.5616, 1.55334, 0, 0, 0, 0, 180, 180, 100, 0), -- Doodad_Sunwell_BossForceField01
(@OGUID+34, 188523, 580, 1, 1704.87, 927.791, 40.5811, 1.55334, 0, 0, 0, 0, 180, 180, 100, 0), -- Doodad_Sunwell_BossCollision01
(@OGUID+35, 188524, 580, 1, 1705.13, 929.505, 40.5811, 1.55334, 0, 0, 0, 0, 180, 180, 100, 0); -- Doodad_Sunwell_BossCollision02

-- ======
-- EVENTS
-- ======

-- INSERT INTO `game_event_creature` (`guid`, `event`) VALUES
-- INSERT INTO `game_event_creature_data` (`guid`, `entry_id`, `modelid`, `equipment_id`, `spell_start`, `spell_end`, `event`) VALUES
-- INSERT INTO `game_event_gameobject` (`guid`, `event`) VALUES

-- =======
-- POOLING
-- =======

-- INSERT INTO `pool_pool` (`pool_id`, `mother_pool`, `chance`, `description`) VALUES
-- INSERT INTO `pool_template` (`entry`, `max_limit`, `description`) VALUES
-- INSERT INTO `pool_creature` (`guid`, `pool_entry`, `chance`, `description`) VALUES
-- INSERT INTO `pool_creature_template` (`id`, `pool_entry`, `chance`, `description`) VALUES
-- INSERT INTO `pool_gameobject` (`guid`, `pool_entry`, `chance`, `description`) VALUES
-- INSERT INTO `pool_gameobject_template` (`id`, `pool_entry`, `chance`, `description`) VALUES

-- =========
-- DBSCRIPTS
-- =========

DELETE FROM dbscripts_on_creature_movement WHERE id IN (2563901,2564401);
INSERT INTO `dbscripts_on_creature_movement` (`id`, `delay`, `command`, `datalong`, `datalong2`, `datalong3`, `buddy_entry`, `search_radius`, `data_flags`, `dataint`, `dataint2`, `dataint3`, `dataint4`, `x`, `y`, `z`, `o`, `comments`) VALUES
(2563901, 3, 28, 8, 0, 0, 0, 0, 0, 0, 0, 0, 0, 0, 0, 0, 0, 'STATE_KNEEL'),
(2563901, 11, 15, 45859, 0, 0, 25661, 10, 1, 0, 0, 0, 0, 0, 0, 0, 0, 'cast 45859 on buddy'),
(2563901, 15, 0, 0, 0, 0, 0, 0, 0, 2000005676, 2000005677, 2000005678, 0, 0, 0, 0, 0, ''),
(2563901, 23, 28, 0, 0, 0, 0, 0, 0, 0, 0, 0, 0, 0, 0, 0, 0, 'STATE_STAND'),
(2564401, 3, 28, 8, 0, 0, 0, 0, 0, 0, 0, 0, 0, 0, 0, 0, 0, 'STATE_KNEEL'),
(2564401, 8, 28, 0, 0, 0, 0, 0, 0, 0, 0, 0, 0, 0, 0, 0, 0, 'STATE_STAND');

DELETE FROM dbscript_string WHERE entry IN (2000005676,2000005677,2000005678);
INSERT INTO `dbscript_string` (`entry`, `content_default`, `sound`, `type`, `language`, `emote`, `comment`) VALUES
(2000005676, 'My the light bless you.', 0, 0, 0, 0, ''),
(2000005677, 'Your wounds are severe, but you will live.', 0, 0, 0, 0, ''), 
(2000005678, 'Rest now, you have fought well today.', 0, 0, 0, 0, '');

-- INSERT INTO `dbscripts_on_creature_death` (`id`, `delay`, `command`, `datalong`, `datalong2`, `datalong3`, `buddy_entry`, `search_radius`, `data_flags`, `dataint`, `dataint2`, `dataint3`, `dataint4`, `x`, `y`, `z`, `o`, `comments`) VALUES
-- INSERT INTO `dbscripts_on_go_use` (`id`, `delay`, `command`, `datalong`, `datalong2`, `datalong3`, `buddy_entry`, `search_radius`, `data_flags`, `dataint`, `dataint2`, `dataint3`, `dataint4`, `x`, `y`, `z`, `o`, `comments`) VALUES
-- INSERT INTO `dbscripts_on_go_template_use` (`id`, `delay`, `command`, `datalong`, `datalong2`, `datalong3`, `buddy_entry`, `search_radius`, `data_flags`, `dataint`, `dataint2`, `dataint3`, `dataint4`, `x`, `y`, `z`, `o`, `comments`) VALUES
-- INSERT INTO `dbscripts_on_relay` (`id`, `delay`, `command`, `datalong`, `datalong2`, `datalong3`, `buddy_entry`, `search_radius`, `data_flags`, `dataint`, `dataint2`, `dataint3`, `dataint4`, `x`, `y`, `z`, `o`, `comments`) VALUES
-- INSERT INTO `dbscripts_on_event` (`id`, `delay`, `command`, `datalong`, `datalong2`, `datalong3`, `buddy_entry`, `search_radius`, `data_flags`, `dataint`, `dataint2`, `dataint3`, `dataint4`, `x`, `y`, `z`, `o`, `comments`) VALUES
-- INSERT INTO `dbscripts_on_spell` (`id`, `delay`, `command`, `datalong`, `datalong2`, `datalong3`, `buddy_entry`, `search_radius`, `data_flags`, `dataint`, `dataint2`, `dataint3`, `dataint4`, `x`, `y`, `z`, `o`, `comments`) VALUES
-- INSERT INTO `dbscripts_on_gossip` (`id`, `delay`, `command`, `datalong`, `datalong2`, `datalong3`, `buddy_entry`, `search_radius`, `data_flags`, `dataint`, `dataint2`, `dataint3`, `dataint4`, `x`, `y`, `z`, `o`, `comments`) VALUES
-- INSERT INTO `dbscripts_on_quest_start` (`id`, `delay`, `command`, `datalong`, `datalong2`, `datalong3`, `buddy_entry`, `search_radius`, `data_flags`, `dataint`, `dataint2`, `dataint3`, `dataint4`, `x`, `y`, `z`, `o`, `comments`) VALUES
-- INSERT INTO `dbscripts_on_quest_end` (`id`, `delay`, `command`, `datalong`, `datalong2`, `datalong3`, `buddy_entry`, `search_radius`, `data_flags`, `dataint`, `dataint2`, `dataint3`, `dataint4`, `x`, `y`, `z`, `o`, `comments`) VALUES
-- INSERT INTO `dbscript_random_templates` (`id`, `type`, `target_id`, `chance`, `comments`) VALUES


